source, destination, distance
123, 123, 0
123, 24004, 1
123, 29788, 3
123, 100071, 3
123, 105881, 2
123, 115839, 3
123, 157662, 2
123, 193044, 2
123, 194644, 2
123, 216892, 2
123, 226940, 3
123, 250065, 2
123, 278055, 2
123, 308751, 2
123, 324462, 2
123, 355012, 3
123, 358988, 1
123, 379951, 1
123, 384065, 3
123, 397035, 2
123, 414522, 1
123, 446014, 3
123, 488690, 2
123, 497479, 3
123, 572693, 3
123, 588339, 2
123, 610028, 3
123, 680927, 2
123, 684347, 3
123, 713382, 2
123, 715009, 3
123, 791075, 2
123, 844661, 3
123, 910003, 2
24004, 123, 1
24004, 24004, 0
24004, 29788, 2
24004, 100071, 2
24004, 105881, 1
24004, 115839, 2
24004, 157662, 1
24004, 193044, 1
24004, 194644, 1
24004, 216892, 1
24004, 226940, 2
24004, 250065, 1
24004, 278055, 1
24004, 308751, 1
24004, 324462, 1
24004, 355012, 2
24004, 358988, 1
24004, 379951, 1
24004, 384065, 2
24004, 397035, 1
24004, 414522, 1
24004, 446014, 2
24004, 488690, 1
24004, 497479, 2
24004, 572693, 2
24004, 588339, 1
24004, 610028, 2
24004, 680927, 1
24004, 684347, 2
24004, 713382, 1
24004, 715009, 2
24004, 791075, 1
24004, 844661, 2
24004, 910003, 1
29788, 123, Infinity
29788, 24004, Infinity
29788, 29788, 0
29788, 100071, Infinity
29788, 105881, Infinity
29788, 115839, Infinity
29788, 157662, Infinity
29788, 193044, Infinity
29788, 194644, Infinity
29788, 216892, Infinity
29788, 226940, Infinity
29788, 250065, Infinity
29788, 278055, Infinity
29788, 308751, Infinity
29788, 324462, Infinity
29788, 355012, Infinity
29788, 358988, Infinity
29788, 379951, Infinity
29788, 384065, Infinity
29788, 397035, Infinity
29788, 414522, Infinity
29788, 446014, Infinity
29788, 488690, Infinity
29788, 497479, Infinity
29788, 572693, Infinity
29788, 588339, Infinity
29788, 610028, Infinity
29788, 680927, Infinity
29788, 684347, Infinity
29788, 713382, Infinity
29788, 715009, Infinity
29788, 791075, Infinity
29788, 844661, Infinity
29788, 910003, Infinity
100071, 123, Infinity
100071, 24004, Infinity
100071, 29788, Infinity
100071, 100071, 0
100071, 105881, Infinity
100071, 115839, Infinity
100071, 157662, Infinity
100071, 193044, Infinity
100071, 194644, Infinity
100071, 216892, Infinity
100071, 226940, Infinity
100071, 250065, Infinity
100071, 278055, Infinity
100071, 308751, Infinity
100071, 324462, Infinity
100071, 355012, Infinity
100071, 358988, Infinity
100071, 379951, Infinity
100071, 384065, Infinity
100071, 397035, Infinity
100071, 414522, Infinity
100071, 446014, Infinity
100071, 488690, Infinity
100071, 497479, Infinity
100071, 572693, Infinity
100071, 588339, Infinity
100071, 610028, Infinity
100071, 680927, Infinity
100071, 684347, Infinity
100071, 713382, Infinity
100071, 715009, Infinity
100071, 791075, Infinity
100071, 844661, Infinity
100071, 910003, Infinity
105881, 123, 2
105881, 24004, 1
105881, 29788, 1
105881, 100071, 1
105881, 105881, 0
105881, 115839, 1
105881, 157662, 2
105881, 193044, 2
105881, 194644, 2
105881, 216892, 2
105881, 226940, 1
105881, 250065, 2
105881, 278055, 2
105881, 308751, 2
105881, 324462, 2
105881, 355012, 1
105881, 358988, 2
105881, 379951, 2
105881, 384065, 1
105881, 397035, 2
105881, 414522, 2
105881, 446014, 1
105881, 488690, 2
105881, 497479, 1
105881, 572693, 1
105881, 588339, 2
105881, 610028, 1
105881, 680927, 2
105881, 684347, 1
105881, 713382, 2
105881, 715009, 1
105881, 791075, 2
105881, 844661, 1
105881, 910003, 2
115839, 123, Infinity
115839, 24004, Infinity
115839, 29788, Infinity
115839, 100071, Infinity
115839, 105881, Infinity
115839, 115839, 0
115839, 157662, Infinity
115839, 193044, Infinity
115839, 194644, Infinity
115839, 216892, Infinity
115839, 226940, Infinity
115839, 250065, Infinity
115839, 278055, Infinity
115839, 308751, Infinity
115839, 324462, Infinity
115839, 355012, Infinity
115839, 358988, Infinity
115839, 379951, Infinity
115839, 384065, Infinity
115839, 397035, Infinity
115839, 414522, Infinity
115839, 446014, Infinity
115839, 488690, Infinity
115839, 497479, Infinity
115839, 572693, Infinity
115839, 588339, Infinity
115839, 610028, Infinity
115839, 680927, Infinity
115839, 684347, Infinity
115839, 713382, Infinity
115839, 715009, Infinity
115839, 791075, Infinity
115839, 844661, Infinity
115839, 910003, Infinity
157662, 123, 2
157662, 24004, 1
157662, 29788, 3
157662, 100071, 3
157662, 105881, 2
157662, 115839, 3
157662, 157662, 0
157662, 193044, 2
157662, 194644, 2
157662, 216892, 2
157662, 226940, 3
157662, 250065, 2
157662, 278055, 2
157662, 308751, 2
157662, 324462, 2
157662, 355012, 3
157662, 358988, 2
157662, 379951, 2
157662, 384065, 3
157662, 397035, 2
157662, 414522, 2
157662, 446014, 3
157662, 488690, 2
157662, 497479, 3
157662, 572693, 3
157662, 588339, 1
157662, 610028, 3
157662, 680927, 2
157662, 684347, 3
157662, 713382, 2
157662, 715009, 3
157662, 791075, 2
157662, 844661, 3
157662, 910003, 2
193044, 123, 2
193044, 24004, 1
193044, 29788, 3
193044, 100071, 3
193044, 105881, 2
193044, 115839, 3
193044, 157662, 2
193044, 193044, 0
193044, 194644, 1
193044, 216892, 2
193044, 226940, 3
193044, 250065, 2
193044, 278055, 2
193044, 308751, 2
193044, 324462, 2
193044, 355012, 3
193044, 358988, 2
193044, 379951, 1
193044, 384065, 3
193044, 397035, 2
193044, 414522, 2
193044, 446014, 3
193044, 488690, 2
193044, 497479, 3
193044, 572693, 3
193044, 588339, 2
193044, 610028, 3
193044, 680927, 2
193044, 684347, 3
193044, 713382, 2
193044, 715009, 3
193044, 791075, 2
193044, 844661, 3
193044, 910003, 2
194644, 123, 2
194644, 24004, 1
194644, 29788, 3
194644, 100071, 3
194644, 105881, 2
194644, 115839, 3
194644, 157662, 2
194644, 193044, 2
194644, 194644, 0
194644, 216892, 2
194644, 226940, 3
194644, 250065, 2
194644, 278055, 2
194644, 308751, 2
194644, 324462, 2
194644, 355012, 3
194644, 358988, 2
194644, 379951, 1
194644, 384065, 3
194644, 397035, 2
194644, 414522, 2
194644, 446014, 3
194644, 488690, 2
194644, 497479, 3
194644, 572693, 3
194644, 588339, 2
194644, 610028, 3
194644, 680927, 2
194644, 684347, 3
194644, 713382, 1
194644, 715009, 3
194644, 791075, 2
194644, 844661, 3
194644, 910003, 2
216892, 123, 2
216892, 24004, 1
216892, 29788, 3
216892, 100071, 3
216892, 105881, 2
216892, 115839, 3
216892, 157662, 2
216892, 193044, 2
216892, 194644, 2
216892, 216892, 0
216892, 226940, 3
216892, 250065, 1
216892, 278055, 2
216892, 308751, 2
216892, 324462, 2
216892, 355012, 3
216892, 358988, 2
216892, 379951, 2
216892, 384065, 3
216892, 397035, 2
216892, 414522, 2
216892, 446014, 3
216892, 488690, 2
216892, 497479, 3
216892, 572693, 3
216892, 588339, 2
216892, 610028, 3
216892, 680927, 2
216892, 684347, 3
216892, 713382, 2
216892, 715009, 3
216892, 791075, 2
216892, 844661, 3
216892, 910003, 2
226940, 123, Infinity
226940, 24004, Infinity
226940, 29788, Infinity
226940, 100071, Infinity
226940, 105881, Infinity
226940, 115839, Infinity
226940, 157662, Infinity
226940, 193044, Infinity
226940, 194644, Infinity
226940, 216892, Infinity
226940, 226940, 0
226940, 250065, Infinity
226940, 278055, Infinity
226940, 308751, Infinity
226940, 324462, Infinity
226940, 355012, Infinity
226940, 358988, Infinity
226940, 379951, Infinity
226940, 384065, Infinity
226940, 397035, Infinity
226940, 414522, Infinity
226940, 446014, Infinity
226940, 488690, Infinity
226940, 497479, Infinity
226940, 572693, Infinity
226940, 588339, Infinity
226940, 610028, Infinity
226940, 680927, Infinity
226940, 684347, Infinity
226940, 713382, Infinity
226940, 715009, Infinity
226940, 791075, Infinity
226940, 844661, Infinity
226940, 910003, Infinity
250065, 123, 2
250065, 24004, 1
250065, 29788, 3
250065, 100071, 3
250065, 105881, 2
250065, 115839, 3
250065, 157662, 2
250065, 193044, 2
250065, 194644, 2
250065, 216892, 2
250065, 226940, 3
250065, 250065, 0
250065, 278055, 2
250065, 308751, 2
250065, 324462, 2
250065, 355012, 3
250065, 358988, 2
250065, 379951, 2
250065, 384065, 3
250065, 397035, 2
250065, 414522, 2
250065, 446014, 3
250065, 488690, 2
250065, 497479, 3
250065, 572693, 3
250065, 588339, 2
250065, 610028, 3
250065, 680927, 2
250065, 684347, 3
250065, 713382, 2
250065, 715009, 3
250065, 791075, 2
250065, 844661, 3
250065, 910003, 2
278055, 123, 2
278055, 24004, 1
278055, 29788, 3
278055, 100071, 3
278055, 105881, 2
278055, 115839, 3
278055, 157662, 2
278055, 193044, 2
278055, 194644, 2
278055, 216892, 2
278055, 226940, 3
278055, 250065, 2
278055, 278055, 0
278055, 308751, 2
278055, 324462, 2
278055, 355012, 3
278055, 358988, 2
278055, 379951, 2
278055, 384065, 3
278055, 397035, 2
278055, 414522, 2
278055, 446014, 3
278055, 488690, 2
278055, 497479, 3
278055, 572693, 3
278055, 588339, 2
278055, 610028, 3
278055, 680927, 2
278055, 684347, 3
278055, 713382, 2
278055, 715009, 3
278055, 791075, 2
278055, 844661, 3
278055, 910003, 2
308751, 123, 2
308751, 24004, 1
308751, 29788, 3
308751, 100071, 3
308751, 105881, 2
308751, 115839, 3
308751, 157662, 2
308751, 193044, 2
308751, 194644, 2
308751, 216892, 2
308751, 226940, 3
308751, 250065, 2
308751, 278055, 1
308751, 308751, 0
308751, 324462, 2
308751, 355012, 3
308751, 358988, 2
308751, 379951, 2
308751, 384065, 3
308751, 397035, 2
308751, 414522, 2
308751, 446014, 3
308751, 488690, 2
308751, 497479, 3
308751, 572693, 3
308751, 588339, 2
308751, 610028, 3
308751, 680927, 2
308751, 684347, 3
308751, 713382, 2
308751, 715009, 3
308751, 791075, 2
308751, 844661, 3
308751, 910003, 2
324462, 123, 2
324462, 24004, 1
324462, 29788, 3
324462, 100071, 3
324462, 105881, 2
324462, 115839, 3
324462, 157662, 2
324462, 193044, 2
324462, 194644, 2
324462, 216892, 1
324462, 226940, 3
324462, 250065, 2
324462, 278055, 2
324462, 308751, 2
324462, 324462, 0
324462, 355012, 3
324462, 358988, 2
324462, 379951, 1
324462, 384065, 3
324462, 397035, 2
324462, 414522, 2
324462, 446014, 3
324462, 488690, 2
324462, 497479, 3
324462, 572693, 3
324462, 588339, 2
324462, 610028, 3
324462, 680927, 2
324462, 684347, 3
324462, 713382, 2
324462, 715009, 3
324462, 791075, 2
324462, 844661, 3
324462, 910003, 2
355012, 123, Infinity
355012, 24004, Infinity
355012, 29788, Infinity
355012, 100071, Infinity
355012, 105881, Infinity
355012, 115839, Infinity
355012, 157662, Infinity
355012, 193044, Infinity
355012, 194644, Infinity
355012, 216892, Infinity
355012, 226940, Infinity
355012, 250065, Infinity
355012, 278055, Infinity
355012, 308751, Infinity
355012, 324462, Infinity
355012, 355012, 0
355012, 358988, Infinity
355012, 379951, Infinity
355012, 384065, Infinity
355012, 397035, Infinity
355012, 414522, Infinity
355012, 446014, Infinity
355012, 488690, Infinity
355012, 497479, Infinity
355012, 572693, Infinity
355012, 588339, Infinity
355012, 610028, Infinity
355012, 680927, Infinity
355012, 684347, Infinity
355012, 713382, Infinity
355012, 715009, Infinity
355012, 791075, Infinity
355012, 844661, Infinity
355012, 910003, Infinity
358988, 123, 1
358988, 24004, 1
358988, 29788, 3
358988, 100071, 3
358988, 105881, 2
358988, 115839, 3
358988, 157662, 2
358988, 193044, 2
358988, 194644, 2
358988, 216892, 2
358988, 226940, 3
358988, 250065, 2
358988, 278055, 2
358988, 308751, 2
358988, 324462, 2
358988, 355012, 3
358988, 358988, 0
358988, 379951, 2
358988, 384065, 3
358988, 397035, 2
358988, 414522, 2
358988, 446014, 3
358988, 488690, 2
358988, 497479, 3
358988, 572693, 3
358988, 588339, 2
358988, 610028, 3
358988, 680927, 2
358988, 684347, 3
358988, 713382, 2
358988, 715009, 3
358988, 791075, 2
358988, 844661, 3
358988, 910003, 2
379951, 123, 2
379951, 24004, 1
379951, 29788, 3
379951, 100071, 3
379951, 105881, 2
379951, 115839, 3
379951, 157662, 2
379951, 193044, 2
379951, 194644, 2
379951, 216892, 2
379951, 226940, 3
379951, 250065, 2
379951, 278055, 2
379951, 308751, 2
379951, 324462, 2
379951, 355012, 3
379951, 358988, 2
379951, 379951, 0
379951, 384065, 3
379951, 397035, 2
379951, 414522, 2
379951, 446014, 3
379951, 488690, 2
379951, 497479, 3
379951, 572693, 3
379951, 588339, 2
379951, 610028, 3
379951, 680927, 2
379951, 684347, 3
379951, 713382, 2
379951, 715009, 3
379951, 791075, 2
379951, 844661, 3
379951, 910003, 2
384065, 123, Infinity
384065, 24004, Infinity
384065, 29788, Infinity
384065, 100071, Infinity
384065, 105881, Infinity
384065, 115839, Infinity
384065, 157662, Infinity
384065, 193044, Infinity
384065, 194644, Infinity
384065, 216892, Infinity
384065, 226940, Infinity
384065, 250065, Infinity
384065, 278055, Infinity
384065, 308751, Infinity
384065, 324462, Infinity
384065, 355012, Infinity
384065, 358988, Infinity
384065, 379951, Infinity
384065, 384065, 0
384065, 397035, Infinity
384065, 414522, Infinity
384065, 446014, Infinity
384065, 488690, Infinity
384065, 497479, Infinity
384065, 572693, Infinity
384065, 588339, Infinity
384065, 610028, Infinity
384065, 680927, Infinity
384065, 684347, Infinity
384065, 713382, Infinity
384065, 715009, Infinity
384065, 791075, Infinity
384065, 844661, Infinity
384065, 910003, Infinity
397035, 123, 2
397035, 24004, 1
397035, 29788, 3
397035, 100071, 3
397035, 105881, 2
397035, 115839, 3
397035, 157662, 2
397035, 193044, 2
397035, 194644, 2
397035, 216892, 2
397035, 226940, 3
397035, 250065, 2
397035, 278055, 2
397035, 308751, 2
397035, 324462, 2
397035, 355012, 3
397035, 358988, 2
397035, 379951, 2
397035, 384065, 3
397035, 397035, 0
397035, 414522, 2
397035, 446014, 3
397035, 488690, 2
397035, 497479, 3
397035, 572693, 3
397035, 588339, 2
397035, 610028, 3
397035, 680927, 2
397035, 684347, 3
397035, 713382, 2
397035, 715009, 3
397035, 791075, 2
397035, 844661, 3
397035, 910003, 1
414522, 123, 2
414522, 24004, 1
414522, 29788, 3
414522, 100071, 3
414522, 105881, 2
414522, 115839, 3
414522, 157662, 2
414522, 193044, 2
414522, 194644, 2
414522, 216892, 2
414522, 226940, 3
414522, 250065, 2
414522, 278055, 2
414522, 308751, 2
414522, 324462, 2
414522, 355012, 3
414522, 358988, 2
414522, 379951, 1
414522, 384065, 3
414522, 397035, 2
414522, 414522, 0
414522, 446014, 3
414522, 488690, 1
414522, 497479, 3
414522, 572693, 3
414522, 588339, 1
414522, 610028, 3
414522, 680927, 2
414522, 684347, 3
414522, 713382, 1
414522, 715009, 3
414522, 791075, 2
414522, 844661, 3
414522, 910003, 2
446014, 123, Infinity
446014, 24004, Infinity
446014, 29788, Infinity
446014, 100071, Infinity
446014, 105881, Infinity
446014, 115839, Infinity
446014, 157662, Infinity
446014, 193044, Infinity
446014, 194644, Infinity
446014, 216892, Infinity
446014, 226940, Infinity
446014, 250065, Infinity
446014, 278055, Infinity
446014, 308751, Infinity
446014, 324462, Infinity
446014, 355012, Infinity
446014, 358988, Infinity
446014, 379951, Infinity
446014, 384065, Infinity
446014, 397035, Infinity
446014, 414522, Infinity
446014, 446014, 0
446014, 488690, Infinity
446014, 497479, Infinity
446014, 572693, Infinity
446014, 588339, Infinity
446014, 610028, Infinity
446014, 680927, Infinity
446014, 684347, Infinity
446014, 713382, Infinity
446014, 715009, Infinity
446014, 791075, Infinity
446014, 844661, Infinity
446014, 910003, Infinity
488690, 123, 2
488690, 24004, 1
488690, 29788, 3
488690, 100071, 3
488690, 105881, 2
488690, 115839, 3
488690, 157662, 2
488690, 193044, 2
488690, 194644, 2
488690, 216892, 2
488690, 226940, 3
488690, 250065, 2
488690, 278055, 2
488690, 308751, 2
488690, 324462, 2
488690, 355012, 3
488690, 358988, 2
488690, 379951, 2
488690, 384065, 3
488690, 397035, 2
488690, 414522, 2
488690, 446014, 3
488690, 488690, 0
488690, 497479, 3
488690, 572693, 3
488690, 588339, 2
488690, 610028, 3
488690, 680927, 2
488690, 684347, 3
488690, 713382, 2
488690, 715009, 3
488690, 791075, 2
488690, 844661, 3
488690, 910003, 2
497479, 123, Infinity
497479, 24004, Infinity
497479, 29788, Infinity
497479, 100071, Infinity
497479, 105881, Infinity
497479, 115839, Infinity
497479, 157662, Infinity
497479, 193044, Infinity
497479, 194644, Infinity
497479, 216892, Infinity
497479, 226940, Infinity
497479, 250065, Infinity
497479, 278055, Infinity
497479, 308751, Infinity
497479, 324462, Infinity
497479, 355012, Infinity
497479, 358988, Infinity
497479, 379951, Infinity
497479, 384065, Infinity
497479, 397035, Infinity
497479, 414522, Infinity
497479, 446014, Infinity
497479, 488690, Infinity
497479, 497479, 0
497479, 572693, Infinity
497479, 588339, Infinity
497479, 610028, Infinity
497479, 680927, Infinity
497479, 684347, Infinity
497479, 713382, Infinity
497479, 715009, Infinity
497479, 791075, Infinity
497479, 844661, Infinity
497479, 910003, Infinity
572693, 123, Infinity
572693, 24004, Infinity
572693, 29788, Infinity
572693, 100071, Infinity
572693, 105881, Infinity
572693, 115839, Infinity
572693, 157662, Infinity
572693, 193044, Infinity
572693, 194644, Infinity
572693, 216892, Infinity
572693, 226940, Infinity
572693, 250065, Infinity
572693, 278055, Infinity
572693, 308751, Infinity
572693, 324462, Infinity
572693, 355012, Infinity
572693, 358988, Infinity
572693, 379951, Infinity
572693, 384065, Infinity
572693, 397035, Infinity
572693, 414522, Infinity
572693, 446014, Infinity
572693, 488690, Infinity
572693, 497479, Infinity
572693, 572693, 0
572693, 588339, Infinity
572693, 610028, Infinity
572693, 680927, Infinity
572693, 684347, Infinity
572693, 713382, Infinity
572693, 715009, Infinity
572693, 791075, Infinity
572693, 844661, Infinity
572693, 910003, Infinity
588339, 123, 2
588339, 24004, 1
588339, 29788, 3
588339, 100071, 3
588339, 105881, 2
588339, 115839, 3
588339, 157662, 2
588339, 193044, 2
588339, 194644, 2
588339, 216892, 2
588339, 226940, 3
588339, 250065, 2
588339, 278055, 2
588339, 308751, 2
588339, 324462, 2
588339, 355012, 3
588339, 358988, 2
588339, 379951, 2
588339, 384065, 3
588339, 397035, 2
588339, 414522, 2
588339, 446014, 3
588339, 488690, 2
588339, 497479, 3
588339, 572693, 3
588339, 588339, 0
588339, 610028, 3
588339, 680927, 2
588339, 684347, 3
588339, 713382, 2
588339, 715009, 3
588339, 791075, 2
588339, 844661, 3
588339, 910003, 2
610028, 123, Infinity
610028, 24004, Infinity
610028, 29788, Infinity
610028, 100071, Infinity
610028, 105881, Infinity
610028, 115839, Infinity
610028, 157662, Infinity
610028, 193044, Infinity
610028, 194644, Infinity
610028, 216892, Infinity
610028, 226940, Infinity
610028, 250065, Infinity
610028, 278055, Infinity
610028, 308751, Infinity
610028, 324462, Infinity
610028, 355012, Infinity
610028, 358988, Infinity
610028, 379951, Infinity
610028, 384065, Infinity
610028, 397035, Infinity
610028, 414522, Infinity
610028, 446014, Infinity
610028, 488690, Infinity
610028, 497479, Infinity
610028, 572693, Infinity
610028, 588339, Infinity
610028, 610028, 0
610028, 680927, Infinity
610028, 684347, Infinity
610028, 713382, Infinity
610028, 715009, Infinity
610028, 791075, Infinity
610028, 844661, Infinity
610028, 910003, Infinity
680927, 123, 2
680927, 24004, 1
680927, 29788, 3
680927, 100071, 3
680927, 105881, 2
680927, 115839, 3
680927, 157662, 2
680927, 193044, 2
680927, 194644, 2
680927, 216892, 2
680927, 226940, 3
680927, 250065, 2
680927, 278055, 2
680927, 308751, 2
680927, 324462, 2
680927, 355012, 3
680927, 358988, 2
680927, 379951, 2
680927, 384065, 3
680927, 397035, 2
680927, 414522, 2
680927, 446014, 3
680927, 488690, 2
680927, 497479, 3
680927, 572693, 3
680927, 588339, 2
680927, 610028, 3
680927, 680927, 0
680927, 684347, 3
680927, 713382, 2
680927, 715009, 3
680927, 791075, 2
680927, 844661, 3
680927, 910003, 2
684347, 123, Infinity
684347, 24004, Infinity
684347, 29788, Infinity
684347, 100071, Infinity
684347, 105881, Infinity
684347, 115839, Infinity
684347, 157662, Infinity
684347, 193044, Infinity
684347, 194644, Infinity
684347, 216892, Infinity
684347, 226940, Infinity
684347, 250065, Infinity
684347, 278055, Infinity
684347, 308751, Infinity
684347, 324462, Infinity
684347, 355012, Infinity
684347, 358988, Infinity
684347, 379951, Infinity
684347, 384065, Infinity
684347, 397035, Infinity
684347, 414522, Infinity
684347, 446014, Infinity
684347, 488690, Infinity
684347, 497479, Infinity
684347, 572693, Infinity
684347, 588339, Infinity
684347, 610028, Infinity
684347, 680927, Infinity
684347, 684347, 0
684347, 713382, Infinity
684347, 715009, Infinity
684347, 791075, Infinity
684347, 844661, Infinity
684347, 910003, Infinity
713382, 123, 2
713382, 24004, 1
713382, 29788, 3
713382, 100071, 3
713382, 105881, 2
713382, 115839, 3
713382, 157662, 2
713382, 193044, 2
713382, 194644, 2
713382, 216892, 2
713382, 226940, 3
713382, 250065, 2
713382, 278055, 2
713382, 308751, 2
713382, 324462, 2
713382, 355012, 3
713382, 358988, 2
713382, 379951, 2
713382, 384065, 3
713382, 397035, 2
713382, 414522, 2
713382, 446014, 3
713382, 488690, 2
713382, 497479, 3
713382, 572693, 3
713382, 588339, 2
713382, 610028, 3
713382, 680927, 2
713382, 684347, 3
713382, 713382, 0
713382, 715009, 3
713382, 791075, 2
713382, 844661, 3
713382, 910003, 2
715009, 123, Infinity
715009, 24004, Infinity
715009, 29788, Infinity
715009, 100071, Infinity
715009, 105881, Infinity
715009, 115839, Infinity
715009, 157662, Infinity
715009, 193044, Infinity
715009, 194644, Infinity
715009, 216892, Infinity
715009, 226940, Infinity
715009, 250065, Infinity
715009, 278055, Infinity
715009, 308751, Infinity
715009, 324462, Infinity
715009, 355012, Infinity
715009, 358988, Infinity
715009, 379951, Infinity
715009, 384065, Infinity
715009, 397035, Infinity
715009, 414522, Infinity
715009, 446014, Infinity
715009, 488690, Infinity
715009, 497479, Infinity
715009, 572693, Infinity
715009, 588339, Infinity
715009, 610028, Infinity
715009, 680927, Infinity
715009, 684347, Infinity
715009, 713382, Infinity
715009, 715009, 0
715009, 791075, Infinity
715009, 844661, Infinity
715009, 910003, Infinity
791075, 123, 2
791075, 24004, 1
791075, 29788, 3
791075, 100071, 3
791075, 105881, 2
791075, 115839, 3
791075, 157662, 2
791075, 193044, 2
791075, 194644, 2
791075, 216892, 2
791075, 226940, 3
791075, 250065, 2
791075, 278055, 2
791075, 308751, 1
791075, 324462, 2
791075, 355012, 3
791075, 358988, 2
791075, 379951, 2
791075, 384065, 3
791075, 397035, 2
791075, 414522, 2
791075, 446014, 3
791075, 488690, 2
791075, 497479, 3
791075, 572693, 3
791075, 588339, 1
791075, 610028, 3
791075, 680927, 2
791075, 684347, 3
791075, 713382, 2
791075, 715009, 3
791075, 791075, 0
791075, 844661, 3
791075, 910003, 2
844661, 123, Infinity
844661, 24004, Infinity
844661, 29788, Infinity
844661, 100071, Infinity
844661, 105881, Infinity
844661, 115839, Infinity
844661, 157662, Infinity
844661, 193044, Infinity
844661, 194644, Infinity
844661, 216892, Infinity
844661, 226940, Infinity
844661, 250065, Infinity
844661, 278055, Infinity
844661, 308751, Infinity
844661, 324462, Infinity
844661, 355012, Infinity
844661, 358988, Infinity
844661, 379951, Infinity
844661, 384065, Infinity
844661, 397035, Infinity
844661, 414522, Infinity
844661, 446014, Infinity
844661, 488690, Infinity
844661, 497479, Infinity
844661, 572693, Infinity
844661, 588339, Infinity
844661, 610028, Infinity
844661, 680927, Infinity
844661, 684347, Infinity
844661, 713382, Infinity
844661, 715009, Infinity
844661, 791075, Infinity
844661, 844661, 0
844661, 910003, Infinity
910003, 123, 2
910003, 24004, 1
910003, 29788, 3
910003, 100071, 3
910003, 105881, 2
910003, 115839, 3
910003, 157662, 2
910003, 193044, 2
910003, 194644, 2
910003, 216892, 2
910003, 226940, 3
910003, 250065, 2
910003, 278055, 2
910003, 308751, 2
910003, 324462, 2
910003, 355012, 3
910003, 358988, 2
910003, 379951, 2
910003, 384065, 3
910003, 397035, 2
910003, 414522, 2
910003, 446014, 3
910003, 488690, 2
910003, 497479, 3
910003, 572693, 3
910003, 588339, 2
910003, 610028, 3
910003, 680927, 2
910003, 684347, 3
910003, 713382, 2
910003, 715009, 3
910003, 791075, 2
910003, 844661, 3
910003, 910003, 0